{"timestamp": "2025-12-24T21:22:02.976571Z", "tray": {"id": "1", "state": 3, "remain": 0, "k": 0.019999999552965164, "n": 1, "cali_idx": -1, "total_len": 330000, "tag_uid": "6AE771FE00000100", "tray_id_name": "A01-D3", "tray_info_idx": "GFA01", "tray_type": "PLA", "tray_sub_brands": "PLA Matte", "tray_color": "9B9EA0FF", "tray_weight": "1000", "tray_diameter": "1.75", "tray_temp": "55", "tray_time": "8", "bed_temp_type": "0", "bed_temp": "0", "nozzle_temp_max": "230", "nozzle_temp_min": "190", "xcam_info": "D007D007E803E8030000803F", "tray_uuid": "886F70EC301A4376BA78700856FAE12E", "ctype": 0, "cols": ["9B9EA0FF"], "matched": false, "mismatch": true, "issue": true, "color_mismatch": false, "color_mismatch_message": "", "ams_material_missing": false, "ams_material_missing_message": "", "unmapped_bambu_tag": "", "bambu_material": "", "bambu_color": "", "bambu_vendor": "", "bambu_sub_brand": "", "spool_id": 52, "name": "Test", "vendor": "Amazon", "spool_material": "Test", "spool_sub_brand": "", "remaining_weight": 1000.0, "last_used": "-", "spool_color": "", "tray_sub_brand": "Matte", "mismatch_detected": true}, "spool": {"id": 52, "registered": "2025-12-24T20:54:12Z", "filament": {"id": 39, "registered": "2025-12-24T20:53:59Z", "name": "Test", "vendor": {"id": 4, "registered": "2025-02-02T10:33:14Z", "name": "Amazon", "empty_spool_weight": 210.0, "extra": {}}, "material": "Test", "density": 1.0, "diameter": 1.0, "extra": {"nozzle_temperature": "[190,230]", "type": "\" Basic\"", "filament_id": "\"\""}}, "price": 1.0, "remaining_weight": 1000.0, "initial_weight": 1000.0, "spool_weight": 100.0, "used_weight": 0.0, "remaining_length": 1273239.5447351628, "used_length": 0.0, "archived": false, "extra": {"active_tray": "\"03919D4A2404685_0_1\""}, "cost_per_gram": 0.001}}